{
    "q_liq": [
        0,
        10,
        20,
        30,
        40,
        50,
        60,
        70,
        80,
        90,
        100,
        110,
        120,
        130,
        140,
        150,
        160,
        170,
        180,
        190,
        200,
        210,
        220,
        230,
        240,
        250,
        260,
        270,
        280,
        290,
        300,
        310,
        320,
        330,
        340,
        350,
        360,
        370,
        380,
        390,
        400
    ],
    "p_wf": [
        335.6567413084426,
        335.6477525606363,
        335.6261834867035,
        335.5936457840787,
        335.5504062646317,
        335.4966579192746,
        335.4325153465255,
        335.35805357707744,
        335.27332505252724,
        335.17836820770174,
        335.07321225406,
        334.9578800429592,
        334.83238987624924,
        334.69675670241645,
        334.55099293563137,
        334.39510903365,
        334.22911391609455,
        334.0530152739276,
        333.86681980285465,
        333.67053338234666,
        333.4641612150284,
        333.24770793666727,
        333.02117770401713,
        332.78457426574414,
        332.537901020265,
        332.2811610633393,
        332.0143572275629,
        331.737492115382,
        331.4505681268989,
        331.15358748343664,
        330.84655224763077,
        330.5294643406637,
        330.2023255571196,
        329.8651375778549,
        329.51790198120256,
        329.160620252764,
        328.7932937940071,
        328.4159239298408,
        328.0285119153137,
        327.63105894156246,
        327.2235661411023
    ]
}
